,id,time,geometry,Throttle Position.value,Throttle Position.unit,CO2.value,CO2.unit,GPS VDOP.value,GPS VDOP.unit,GPS Bearing.value,GPS Bearing.unit,GPS Speed.value,GPS Speed.unit,GPS Altitude.value,GPS Altitude.unit,Rpm.value,Rpm.unit,GPS Accuracy.value,GPS Accuracy.unit,GPS HDOP.value,GPS HDOP.unit,Intake Temperature.value,Intake Temperature.unit,Speed.value,Speed.unit,Intake Pressure.value,Intake Pressure.unit,Consumption.value,Consumption.unit,Calculated MAF.value,Calculated MAF.unit,Engine Load.value,Engine Load.unit,GPS PDOP.value,GPS PDOP.unit,track.id,track.length,track.begin,track.end,sensor.type,sensor.engineDisplacement,sensor.model,sensor.id,sensor.fuelType,sensor.constructionYear,sensor.manufacturer
0,5eb7582165b80c5d6be69f24,2020-05-09T21:10:46,POINT (7.651804248986446 51.95395646644701),16.0,%,6.060965,kg/h,1.0,precision,244.006986,deg,3.187257,km/h,111.0,m,1013.745,u/min,2.5,%,0.6,precision,39.000001,c,4.0,km/h,54.453013,kPa,2.579134,l/h,7.845941,g/s,47.23039,%,1.2,precision,5eb7582165b80c5d6be69f22,3.4112747685326172,2020-05-09T21:10:46Z,2020-05-09T21:19:46Z,car,1798,Caliber,58395f40e4b0a979d45bd61b,gasoline,2007,Dodge
1,5eb7582165b80c5d6be69f26,2020-05-09T21:10:51,POINT (7.651688214188641 51.953948811047),16.831018,%,7.64453,kg/h,1.0,precision,273.231882,deg,9.326851,km/h,112.0,m,1265.892895,u/min,2.5,%,0.6,precision,38.999999,c,9.574627,km/h,54.999999,kPa,3.252992,l/h,9.895871,g/s,45.723325,%,1.2,precision,5eb7582165b80c5d6be69f22,3.4112747685326172,2020-05-09T21:10:46Z,2020-05-09T21:19:46Z,car,1798,Caliber,58395f40e4b0a979d45bd61b,gasoline,2007,Dodge
2,5eb7582165b80c5d6be69f27,2020-05-09T21:10:56,POINT (7.651482504244623 51.95395440112109),16.846021,%,6.152178,kg/h,1.0,precision,273.377388,deg,10.269752,km/h,112.999997,m,1267.169849,u/min,2.5,%,0.6,precision,39.0,c,10.0,km/h,44.218391,kPa,2.617948,l/h,7.964017,g/s,36.447436,%,1.2,precision,5eb7582165b80c5d6be69f22,3.4112747685326172,2020-05-09T21:10:46Z,2020-05-09T21:19:46Z,car,1798,Caliber,58395f40e4b0a979d45bd61b,gasoline,2007,Dodge
3,5eb7582165b80c5d6be69f28,2020-05-09T21:11:01,POINT (7.651269219953312 51.95396783757189),17.000001,%,7.380207,kg/h,0.930191,precision,274.705621,deg,10.99414,km/h,111.657318,m,1404.528604,u/min,2.328657,%,0.530191,precision,39.000001,c,10.789362,km/h,47.857144,kPa,3.140513,l/h,9.553704,g/s,40.682353,%,1.0,precision,5eb7582165b80c5d6be69f22,3.4112747685326172,2020-05-09T21:10:46Z,2020-05-09T21:19:46Z,car,1798,Caliber,58395f40e4b0a979d45bd61b,gasoline,2007,Dodge
4,5eb7582165b80c5d6be69f29,2020-05-09T21:11:06,POINT (7.651009479108991 51.9539617740475),15.151858,%,3.983817,kg/h,1.0,precision,275.181028,deg,10.809805,km/h,110.399213,m,1282.400613,u/min,2.0,%,0.6,precision,39.0,c,10.022801,km/h,28.293355,kPa,1.695241,l/h,5.157065,g/s,21.956343,%,1.2,precision,5eb7582165b80c5d6be69f22,3.4112747685326172,2020-05-09T21:10:46Z,2020-05-09T21:19:46Z,car,1798,Caliber,58395f40e4b0a979d45bd61b,gasoline,2007,Dodge
5,5eb7582165b80c5d6be69f2a,2020-05-09T21:11:11,POINT (7.65085766595331 51.9539667659058),16.0,%,4.326933,kg/h,1.0,precision,272.860458,deg,1.173646,km/h,110.600213,m,895.645989,u/min,1.800107,%,0.6,precision,39.000001,c,0.0,km/h,44.0,kPa,1.841248,l/h,5.601231,g/s,36.749248,%,1.0,precision,5eb7582165b80c5d6be69f22,3.4112747685326172,2020-05-09T21:10:46Z,2020-05-09T21:19:46Z,car,1798,Caliber,58395f40e4b0a979d45bd61b,gasoline,2007,Dodge
6,5eb7582165b80c5d6be69f2b,2020-05-09T21:11:16,POINT (7.650798018613367 51.9539695101202),16.0,%,4.943098,kg/h,0.8,precision,313.303598,deg,5.89439,km/h,110.0,m,887.825229,u/min,2.260956,%,0.6,precision,39.000001,c,6.751603,km/h,50.70848,kPa,2.103446,l/h,6.398858,g/s,42.608195,%,1.097482,precision,5eb7582165b80c5d6be69f22,3.4112747685326172,2020-05-09T21:10:46Z,2020-05-09T21:19:46Z,car,1798,Caliber,58395f40e4b0a979d45bd61b,gasoline,2007,Dodge
7,5eb7582165b80c5d6be69f2c,2020-05-09T21:11:22,POINT (7.650789130372044 51.95406331299682),16.06357,%,7.766667,kg/h,1.01579,precision,5.510048,deg,11.999023,km/h,110.464115,m,1594.952327,u/min,2.5,%,0.707895,precision,38.000001,c,12.709923,km/h,44.208145,kPa,3.304965,l/h,10.053978,g/s,31.964974,%,1.21579,precision,5eb7582165b80c5d6be69f22,3.4112747685326172,2020-05-09T21:10:46Z,2020-05-09T21:19:46Z,car,1798,Caliber,58395f40e4b0a979d45bd61b,gasoline,2007,Dodge
8,5eb7582165b80c5d6be69f2d,2020-05-09T21:11:27,POINT (7.65082249062431 51.95424901747279),16.0,%,6.357919,kg/h,0.921132,precision,6.19799,deg,16.817607,km/h,109.000003,m,1202.511014,u/min,2.701005,%,0.6,precision,38.0,c,16.102564,km/h,47.999999,kPa,2.705497,l/h,8.230348,g/s,40.470589,%,1.0,precision,5eb7582165b80c5d6be69f22,3.4112747685326172,2020-05-09T21:10:46Z,2020-05-09T21:19:46Z,car,1798,Caliber,58395f40e4b0a979d45bd61b,gasoline,2007,Dodge
9,5eb7582165b80c5d6be69f2e,2020-05-09T21:11:32,POINT (7.650863241833907 51.95445505537268),16.0,%,5.08761,kg/h,1.0,precision,6.815591,deg,17.759223,km/h,110.614694,m,1282.999962,u/min,1.5,%,0.6,precision,38.000001,c,18.0,km/h,36.0,kPa,2.164941,l/h,6.58593,g/s,29.40691,%,1.2,precision,5eb7582165b80c5d6be69f22,3.4112747685326172,2020-05-09T21:10:46Z,2020-05-09T21:19:46Z,car,1798,Caliber,58395f40e4b0a979d45bd61b,gasoline,2007,Dodge
10,5eb7582165b80c5d6be69f2f,2020-05-09T21:11:37,POINT (7.650928075192193 51.95467371589453),15.0,%,4.324457,kg/h,1.0,precision,6.456,deg,16.033824,km/h,112.000003,m,969.633952,u/min,1.828,%,0.6,precision,37.999999,c,15.0,km/h,40.489188,kPa,1.840194,l/h,5.598025,g/s,33.735054,%,1.2,precision,5eb7582165b80c5d6be69f22,3.4112747685326172,2020-05-09T21:10:46Z,2020-05-09T21:19:46Z,car,1798,Caliber,58395f40e4b0a979d45bd61b,gasoline,2007,Dodge
11,5eb7582165b80c5d6be69f30,2020-05-09T21:11:42,POINT (7.650947761313767 51.95477724315568),15.0,%,4.007629,kg/h,0.8,precision,9.451096,deg,1.066123,km/h,110.0,m,808.519084,u/min,2.0,%,0.6,precision,37.999999,c,0.0,km/h,44.999999,kPa,1.705374,l/h,5.187889,g/s,37.832039,%,1.0,precision,5eb7582165b80c5d6be69f22,3.4112747685326172,2020-05-09T21:10:46Z,2020-05-09T21:19:46Z,car,1798,Caliber,58395f40e4b0a979d45bd61b,gasoline,2007,Dodge
12,5eb7582165b80c5d6be69f31,2020-05-09T21:11:47,POINT (7.650944828213898 51.95477917552648),15.0,%,4.054935,kg/h,1.0,precision,0.0,deg,0.0,km/h,108.999997,m,783.251787,u/min,1.639253,%,0.6,precision,38.0,c,2.0,km/h,46.999999,kPa,1.725504,l/h,5.249128,g/s,38.89084,%,1.2,precision,5eb7582165b80c5d6be69f22,3.4112747685326172,2020-05-09T21:10:46Z,2020-05-09T21:19:46Z,car,1798,Caliber,58395f40e4b0a979d45bd61b,gasoline,2007,Dodge
13,5eb7582165b80c5d6be69f32,2020-05-09T21:11:52,POINT (7.650950869932037 51.954819216651),16.39314,%,6.371301,kg/h,0.8,precision,0.0,deg,0.0,km/h,107.000002,m,995.728165,u/min,2.0,%,0.6,precision,38.0,c,7.0,km/h,58.090165,kPa,2.711192,l/h,8.247671,g/s,50.599129,%,1.0,precision,5eb7582165b80c5d6be69f22,3.4112747685326172,2020-05-09T21:10:46Z,2020-05-09T21:19:46Z,car,1798,Caliber,58395f40e4b0a979d45bd61b,gasoline,2007,Dodge
14,5eb7582165b80c5d6be69f33,2020-05-09T21:11:57,POINT (7.651192830028558 51.95484402022239),19.885714,%,7.566881,kg/h,1.0,precision,98.234747,deg,16.855345,km/h,105.0,m,1213.673684,u/min,2.0,%,0.6,precision,37.0,c,17.309091,km/h,56.419891,kPa,3.219949,l/h,9.795354,g/s,49.651743,%,1.2,precision,5eb7582165b80c5d6be69f22,3.4112747685326172,2020-05-09T21:10:46Z,2020-05-09T21:19:46Z,car,1798,Caliber,58395f40e4b0a979d45bd61b,gasoline,2007,Dodge
15,5eb7582165b80c5d6be69f34,2020-05-09T21:12:02,POINT (7.651722194093042 51.95486221449412),15.0,%,3.660873,kg/h,1.0,precision,93.980941,deg,27.555923,km/h,106.0,m,1384.215406,u/min,1.921765,%,0.6,precision,35.999999,c,26.305376,km/h,23.855895,kPa,1.557818,l/h,4.739013,g/s,17.112106,%,1.2,precision,5eb7582165b80c5d6be69f22,3.4112747685326172,2020-05-09T21:10:46Z,2020-05-09T21:19:46Z,car,1798,Caliber,58395f40e4b0a979d45bd61b,gasoline,2007,Dodge
16,5eb7582165b80c5d6be69f35,2020-05-09T21:12:07,POINT (7.652165220559899 51.95485605374532),15.0,%,4.217213,kg/h,0.8,precision,94.071359,deg,13.927575,km/h,106.000002,m,927.80447,u/min,1.5,%,0.4,precision,35.999999,c,13.403794,km/h,40.999999,kPa,1.794559,l/h,5.459197,g/s,32.183007,%,1.0,precision,5eb7582165b80c5d6be69f22,3.4112747685326172,2020-05-09T21:10:46Z,2020-05-09T21:19:46Z,car,1798,Caliber,58395f40e4b0a979d45bd61b,gasoline,2007,Dodge
17,5eb7582165b80c5d6be69f36,2020-05-09T21:12:12,POINT (7.652289732744734 51.9548470806214),15.0,%,4.087287,kg/h,0.8,precision,103.709314,deg,0.748432,km/h,106.000003,m,804.071428,u/min,1.5,%,0.426252,precision,37.0,c,0.0,km/h,46.000001,kPa,1.739271,l/h,5.291008,g/s,38.431373,%,1.0,precision,5eb7582165b80c5d6be69f22,3.4112747685326172,2020-05-09T21:10:46Z,2020-05-09T21:19:46Z,car,1798,Caliber,58395f40e4b0a979d45bd61b,gasoline,2007,Dodge
18,5eb7582165b80c5d6be69f37,2020-05-09T21:12:17,POINT (7.652289090999456 51.95484422900128),15.0,%,4.126735,kg/h,1.0,precision,0.0,deg,0.0,km/h,105.999998,m,809.214286,u/min,1.5,%,0.6,precision,35.999999,c,0.0,km/h,46.000001,kPa,1.756058,l/h,5.342074,g/s,37.842635,%,1.2,precision,5eb7582165b80c5d6be69f22,3.4112747685326172,2020-05-09T21:10:46Z,2020-05-09T21:19:46Z,car,1798,Caliber,58395f40e4b0a979d45bd61b,gasoline,2007,Dodge
19,5eb7582165b80c5d6be69f38,2020-05-09T21:12:22,POINT (7.652289090999456 51.95484422900128),15.0,%,3.984515,kg/h,0.8,precision,0.0,deg,0.0,km/h,105.999998,m,798.688913,u/min,1.5,%,0.6,precision,36.0,c,0.0,km/h,45.0,kPa,1.695538,l/h,5.157968,g/s,38.431374,%,1.0,precision,5eb7582165b80c5d6be69f22,3.4112747685326172,2020-05-09T21:10:46Z,2020-05-09T21:19:46Z,car,1798,Caliber,58395f40e4b0a979d45bd61b,gasoline,2007,Dodge
20,5eb7582165b80c5d6be69f39,2020-05-09T21:12:27,POINT (7.652305663442986 51.95484110576862),20.000001,%,12.717426,kg/h,0.8,precision,87.246289,deg,4.977329,km/h,105.999998,m,1733.528446,u/min,1.5,%,0.592651,precision,36.0,c,9.704225,km/h,66.173334,kPa,5.411671,l/h,16.462754,g/s,59.412284,%,1.0,precision,5eb7582165b80c5d6be69f22,3.4112747685326172,2020-05-09T21:10:46Z,2020-05-09T21:19:46Z,car,1798,Caliber,58395f40e4b0a979d45bd61b,gasoline,2007,Dodge
21,5eb7582165b80c5d6be69f3a,2020-05-09T21:12:32,POINT (7.652573223747869 51.95489847146514),17.0,%,7.18579,kg/h,0.8,precision,41.25946,deg,16.007026,km/h,105.000001,m,1273.90911,u/min,1.5,%,0.6,precision,35.999999,c,17.766917,km/h,50.880436,kPa,3.057783,l/h,9.302031,g/s,42.504915,%,1.0,precision,5eb7582165b80c5d6be69f22,3.4112747685326172,2020-05-09T21:10:46Z,2020-05-09T21:19:46Z,car,1798,Caliber,58395f40e4b0a979d45bd61b,gasoline,2007,Dodge
22,5eb7582165b80c5d6be69f3b,2020-05-09T21:12:37,POINT (7.652602355042948 51.95518412507769),15.8509,%,4.630316,kg/h,0.8,precision,2.087179,deg,30.871075,km/h,105.999998,m,1679.041068,u/min,2.0,%,0.401524,precision,34.999999,c,30.0,km/h,24.794595,kPa,1.970347,l/h,5.993961,g/s,16.928476,%,1.0,precision,5eb7582165b80c5d6be69f22,3.4112747685326172,2020-05-09T21:10:46Z,2020-05-09T21:19:46Z,car,1798,Caliber,58395f40e4b0a979d45bd61b,gasoline,2007,Dodge
23,5eb7582165b80c5d6be69f3c,2020-05-09T21:12:42,POINT (7.652640577570812 51.955630236486),16.803618,%,5.43319,kg/h,0.8176,precision,1.257869,deg,36.695903,km/h,106.000001,m,1160.71432,u/min,1.5,%,0.4176,precision,35.0,c,36.0,km/h,42.085958,kPa,2.311996,l/h,7.033284,g/s,32.137681,%,1.0176,precision,5eb7582165b80c5d6be69f22,3.4112747685326172,2020-05-09T21:10:46Z,2020-05-09T21:19:46Z,car,1798,Caliber,58395f40e4b0a979d45bd61b,gasoline,2007,Dodge
24,5eb7582165b80c5d6be69f3d,2020-05-09T21:12:47,POINT (7.652661191936053 51.95609812783885),18.0,%,8.491923,kg/h,0.8,precision,3.210553,deg,38.870591,km/h,105.0,m,1312.121534,u/min,1.947236,%,0.577332,precision,34.000001,c,38.999999,km/h,58.0,kPa,3.613584,l/h,10.992824,g/s,48.486372,%,1.0,precision,5eb7582165b80c5d6be69f22,3.4112747685326172,2020-05-09T21:10:46Z,2020-05-09T21:19:46Z,car,1798,Caliber,58395f40e4b0a979d45bd61b,gasoline,2007,Dodge
25,5eb7582165b80c5d6be69f3e,2020-05-09T21:12:52,POINT (7.652718481932776 51.9566132527037),18.0,%,9.506711,kg/h,0.8,precision,3.466429,deg,41.09387,km/h,102.999997,m,1396.678629,u/min,1.916073,%,0.4,precision,34.000001,c,41.454547,km/h,60.999998,kPa,4.045409,l/h,12.306471,g/s,52.165838,%,1.0,precision,5eb7582165b80c5d6be69f22,3.4112747685326172,2020-05-09T21:10:46Z,2020-05-09T21:19:46Z,car,1798,Caliber,58395f40e4b0a979d45bd61b,gasoline,2007,Dodge
26,5eb7582165b80c5d6be69f3f,2020-05-09T21:12:57,POINT (7.652786048887409 51.95715289091169),17.999999,%,9.39589,kg/h,0.8,precision,2.758578,deg,44.334526,km/h,101.000002,m,1503.13509,u/min,1.5,%,0.4,precision,34.0,c,44.983659,km/h,56.019074,kPa,3.998251,l/h,12.163013,g/s,46.362427,%,0.958945,precision,5eb7582165b80c5d6be69f22,3.4112747685326172,2020-05-09T21:10:46Z,2020-05-09T21:19:46Z,car,1798,Caliber,58395f40e4b0a979d45bd61b,gasoline,2007,Dodge
27,5eb7582165b80c5d6be69f40,2020-05-09T21:13:02,POINT (7.652849614043049 51.957725862793),14.0,%,3.765898,kg/h,0.8,precision,5.204514,deg,44.983822,km/h,102.0,m,1401.641833,u/min,1.5,%,0.4,precision,32.999999,c,43.999999,km/h,24.0,kPa,1.60251,l/h,4.874968,g/s,17.043137,%,1.0,precision,5eb7582165b80c5d6be69f22,3.4112747685326172,2020-05-09T21:10:46Z,2020-05-09T21:19:46Z,car,1798,Caliber,58395f40e4b0a979d45bd61b,gasoline,2007,Dodge
28,5eb7582165b80c5d6be69f41,2020-05-09T21:13:07,POINT (7.652948512069219 51.95824519979388),15.0,%,4.111663,kg/h,0.8,precision,7.959281,deg,36.732715,km/h,101.999997,m,944.819672,u/min,1.5,%,0.6,precision,34.0,c,35.716216,km/h,39.000001,kPa,1.749644,l/h,5.322562,g/s,30.662836,%,1.0,precision,5eb7582165b80c5d6be69f22,3.4112747685326172,2020-05-09T21:10:46Z,2020-05-09T21:19:46Z,car,1798,Caliber,58395f40e4b0a979d45bd61b,gasoline,2007,Dodge
29,5eb7582165b80c5d6be69f42,2020-05-09T21:13:12,POINT (7.653022896598684 51.95860015042661),15.0,%,4.243823,kg/h,0.8,precision,7.472084,deg,20.286411,km/h,102.0,m,950.809119,u/min,1.5,%,0.4,precision,33.999999,c,19.39091,km/h,40.0,kPa,1.805882,l/h,5.493644,g/s,32.125492,%,1.0,precision,5eb7582165b80c5d6be69f22,3.4112747685326172,2020-05-09T21:10:46Z,2020-05-09T21:19:46Z,car,1798,Caliber,58395f40e4b0a979d45bd61b,gasoline,2007,Dodge
30,5eb7582165b80c5d6be69f43,2020-05-09T21:13:17,POINT (7.652986504812284 51.95877503887581),22.637501,%,12.605926,kg/h,0.8,precision,320.564541,deg,17.140588,km/h,103.0,m,1267.000038,u/min,1.5,%,0.4,precision,33.0,c,17.136646,km/h,88.874649,kPa,5.364224,l/h,16.318416,g/s,83.709239,%,1.0,precision,5eb7582165b80c5d6be69f22,3.4112747685326172,2020-05-09T21:10:46Z,2020-05-09T21:19:46Z,car,1798,Caliber,58395f40e4b0a979d45bd61b,gasoline,2007,Dodge
31,5eb7582165b80c5d6be69f44,2020-05-09T21:13:22,POINT (7.652465063979697 51.95884763121326),21.476427,%,13.275982,kg/h,0.9044,precision,271.261924,deg,32.175198,km/h,104.0,m,1493.225722,u/min,1.5,%,0.5044,precision,33.0,c,31.822822,km/h,79.418366,kPa,5.649354,l/h,17.185805,g/s,74.760377,%,1.1044,precision,5eb7582165b80c5d6be69f22,3.4112747685326172,2020-05-09T21:10:46Z,2020-05-09T21:19:46Z,car,1798,Caliber,58395f40e4b0a979d45bd61b,gasoline,2007,Dodge
32,5eb7582165b80c5d6be69f45,2020-05-09T21:13:27,POINT (7.651712797539092 51.95885860483548),19.468421,%,10.394088,kg/h,0.911066,precision,272.251261,deg,40.684383,km/h,104.0,m,1409.85259,u/min,1.719537,%,0.6,precision,31.999999,c,40.0,km/h,65.640451,kPa,4.423016,l/h,13.455184,g/s,54.564747,%,1.111066,precision,5eb7582165b80c5d6be69f22,3.4112747685326172,2020-05-09T21:10:46Z,2020-05-09T21:19:46Z,car,1798,Caliber,58395f40e4b0a979d45bd61b,gasoline,2007,Dodge
33,5eb7582165b80c5d6be69f46,2020-05-09T21:13:32,POINT (7.650824709629459 51.95888390453992),16.0,%,7.167288,kg/h,0.883948,precision,272.685425,deg,43.883427,km/h,105.0,m,1484.038803,u/min,1.714569,%,0.483948,precision,32.0,c,44.0,km/h,43.0,kPa,3.04991,l/h,9.278079,g/s,33.964911,%,1.083948,precision,5eb7582165b80c5d6be69f22,3.4112747685326172,2020-05-09T21:10:46Z,2020-05-09T21:19:46Z,car,1798,Caliber,58395f40e4b0a979d45bd61b,gasoline,2007,Dodge
34,5eb7582165b80c5d6be69f47,2020-05-09T21:13:37,POINT (7.649938808802101 51.95892719519863),17.0,%,7.747405,kg/h,0.8,precision,274.120609,deg,42.405206,km/h,105.000003,m,1435.683828,u/min,2.0,%,0.4,precision,32.0,c,43.0,km/h,48.045901,kPa,3.296768,l/h,10.029044,g/s,39.667686,%,1.0,precision,5eb7582165b80c5d6be69f22,3.4112747685326172,2020-05-09T21:10:46Z,2020-05-09T21:19:46Z,car,1798,Caliber,58395f40e4b0a979d45bd61b,gasoline,2007,Dodge
35,5eb7582165b80c5d6be69f48,2020-05-09T21:13:43,POINT (7.649088220365263 51.95896816281162),15.0,%,4.228221,kg/h,0.924063,precision,275.091574,deg,41.25946,km/h,104.38553,m,1356.023867,u/min,2.0,%,0.524063,precision,32.0,c,40.615586,km/h,27.761905,kPa,1.799243,l/h,5.473448,g/s,20.749332,%,1.124063,precision,5eb7582165b80c5d6be69f22,3.4112747685326172,2020-05-09T21:10:46Z,2020-05-09T21:19:46Z,car,1798,Caliber,58395f40e4b0a979d45bd61b,gasoline,2007,Dodge
36,5eb7582165b80c5d6be69f49,2020-05-09T21:13:48,POINT (7.648307756152391 51.95900794099224),15.0,%,4.139713,kg/h,0.8,precision,272.199404,deg,33.88962,km/h,105.0,m,945.071195,u/min,2.0,%,0.6,precision,31.999999,c,33.287233,km/h,39.000001,kPa,1.76158,l/h,5.358874,g/s,30.680113,%,1.0,precision,5eb7582165b80c5d6be69f22,3.4112747685326172,2020-05-09T21:10:46Z,2020-05-09T21:19:46Z,car,1798,Caliber,58395f40e4b0a979d45bd61b,gasoline,2007,Dodge
37,5eb7582165b80c5d6be69f4a,2020-05-09T21:13:53,POINT (7.647772803656116 51.95902800926782),15.0,%,4.139401,kg/h,0.8,precision,274.153018,deg,15.628552,km/h,106.679065,m,945.0,u/min,1.5,%,0.6,precision,32.0,c,15.326761,km/h,38.999999,kPa,1.761447,l/h,5.35847,g/s,31.372549,%,1.0,precision,5eb7582165b80c5d6be69f22,3.4112747685326172,2020-05-09T21:10:46Z,2020-05-09T21:19:46Z,car,1798,Caliber,58395f40e4b0a979d45bd61b,gasoline,2007,Dodge
38,5eb7582165b80c5d6be69f4b,2020-05-09T21:13:58,POINT (7.64768604936384 51.95903841877353),15.0,%,3.913182,kg/h,0.950453,precision,69.359917,deg,0.154695,km/h,106.999997,m,791.837826,u/min,2.0,%,0.550453,precision,32.000001,c,0.0,km/h,43.999999,kPa,1.665184,l/h,5.065628,g/s,36.633352,%,1.150453,precision,5eb7582165b80c5d6be69f22,3.4112747685326172,2020-05-09T21:10:46Z,2020-05-09T21:19:46Z,car,1798,Caliber,58395f40e4b0a979d45bd61b,gasoline,2007,Dodge
39,5eb7582165b80c5d6be69f4c,2020-05-09T21:14:03,POINT (7.647686256095767 51.9590399460867),15.0,%,3.962219,kg/h,0.8,precision,0.0,deg,0.0,km/h,107.0,m,795.474359,u/min,1.870616,%,0.6,precision,32.0,c,0.0,km/h,44.347709,kPa,1.686051,l/h,5.129107,g/s,37.327484,%,1.0,precision,5eb7582165b80c5d6be69f22,3.4112747685326172,2020-05-09T21:10:46Z,2020-05-09T21:19:46Z,car,1798,Caliber,58395f40e4b0a979d45bd61b,gasoline,2007,Dodge
40,5eb7582165b80c5d6be69f4d,2020-05-09T21:14:08,POINT (7.647686142136362 51.95903917183667),15.0,%,4.068642,kg/h,0.8,precision,0.0,deg,0.0,km/h,106.999998,m,805.0,u/min,2.0,%,0.56506,precision,31.999999,c,0.0,km/h,44.999999,kPa,1.731337,l/h,5.266872,g/s,37.008221,%,1.0,precision,5eb7582165b80c5d6be69f22,3.4112747685326172,2020-05-09T21:10:46Z,2020-05-09T21:19:46Z,car,1798,Caliber,58395f40e4b0a979d45bd61b,gasoline,2007,Dodge
41,5eb7582165b80c5d6be69f4e,2020-05-09T21:14:13,POINT (7.647686256095767 51.9590399460867),15.0,%,4.010282,kg/h,0.8,precision,0.0,deg,0.0,km/h,107.0,m,793.453125,u/min,2.0,%,0.6,precision,32.0,c,0.0,km/h,45.000001,kPa,1.706503,l/h,5.191324,g/s,37.9638,%,1.0,precision,5eb7582165b80c5d6be69f22,3.4112747685326172,2020-05-09T21:10:46Z,2020-05-09T21:19:46Z,car,1798,Caliber,58395f40e4b0a979d45bd61b,gasoline,2007,Dodge
42,5eb7582165b80c5d6be69f4f,2020-05-09T21:14:18,POINT (7.647686256095767 51.9590399460867),15.0,%,4.071195,kg/h,1.020635,precision,0.0,deg,0.0,km/h,107.0,m,805.504983,u/min,1.945437,%,0.620635,precision,32.0,c,0.0,km/h,45.000001,kPa,1.732423,l/h,5.270176,g/s,36.862744,%,1.220635,precision,5eb7582165b80c5d6be69f22,3.4112747685326172,2020-05-09T21:10:46Z,2020-05-09T21:19:46Z,car,1798,Caliber,58395f40e4b0a979d45bd61b,gasoline,2007,Dodge
43,5eb7582165b80c5d6be69f50,2020-05-09T21:14:23,POINT (7.647686142136362 51.95903917183668),15.0,%,4.03538,kg/h,0.8,precision,0.0,deg,0.0,km/h,106.999998,m,798.418803,u/min,2.0,%,0.4,precision,32.0,c,0.0,km/h,45.000001,kPa,1.717183,l/h,5.223813,g/s,36.943253,%,1.0,precision,5eb7582165b80c5d6be69f22,3.4112747685326172,2020-05-09T21:10:46Z,2020-05-09T21:19:46Z,car,1798,Caliber,58395f40e4b0a979d45bd61b,gasoline,2007,Dodge
44,5eb7582165b80c5d6be69f51,2020-05-09T21:14:28,POINT (7.647665152538318 51.95904307421846),18.0,%,10.068056,kg/h,0.8,precision,277.687032,deg,3.81947,km/h,106.999998,m,1468.677369,u/min,2.0,%,0.409,precision,31.000001,c,8.111765,km/h,60.834862,kPa,4.284279,l/h,13.033134,g/s,53.20973,%,1.0,precision,5eb7582165b80c5d6be69f22,3.4112747685326172,2020-05-09T21:10:46Z,2020-05-09T21:19:46Z,car,1798,Caliber,58395f40e4b0a979d45bd61b,gasoline,2007,Dodge
45,5eb7582165b80c5d6be69f52,2020-05-09T21:14:33,POINT (7.647478844449811 51.95907272439947),18.856368,%,8.887706,kg/h,0.995992,precision,316.367818,deg,8.310042,km/h,107.015048,m,1005.299697,u/min,2.5,%,0.595992,precision,31.0,c,12.142466,km/h,78.456231,kPa,3.782002,l/h,11.505167,g/s,72.557856,%,1.0,precision,5eb7582165b80c5d6be69f22,3.4112747685326172,2020-05-09T21:10:46Z,2020-05-09T21:19:46Z,car,1798,Caliber,58395f40e4b0a979d45bd61b,gasoline,2007,Dodge
46,5eb7582165b80c5d6be69f53,2020-05-09T21:14:38,POINT (7.647435732131185 51.95923704288088),15.0,%,3.853694,kg/h,0.8,precision,2.820875,deg,18.193741,km/h,107.000003,m,1220.658274,u/min,3.0,%,0.4,precision,31.0,c,25.0,km/h,28.016666,kPa,1.63987,l/h,4.988621,g/s,20.582364,%,1.0,precision,5eb7582165b80c5d6be69f22,3.4112747685326172,2020-05-09T21:10:46Z,2020-05-09T21:19:46Z,car,1798,Caliber,58395f40e4b0a979d45bd61b,gasoline,2007,Dodge
47,5eb7582165b80c5d6be69f54,2020-05-09T21:14:43,POINT (7.647477086619624 51.95954988623226),15.0,%,4.455825,kg/h,0.8,precision,3.478685,deg,19.125035,km/h,105.922312,m,964.445392,u/min,2.5,%,0.4,precision,31.000001,c,19.014285,km/h,40.999999,kPa,1.896096,l/h,5.768082,g/s,33.130681,%,1.0,precision,5eb7582165b80c5d6be69f22,3.4112747685326172,2020-05-09T21:10:46Z,2020-05-09T21:19:46Z,car,1798,Caliber,58395f40e4b0a979d45bd61b,gasoline,2007,Dodge
48,5eb7582165b80c5d6be69f55,2020-05-09T21:14:48,POINT (7.64751331129747 51.95975667171791),15.0,%,4.039591,kg/h,0.976838,precision,1.86502,deg,5.179427,km/h,106.000002,m,796.6329,u/min,2.5,%,0.576838,precision,31.0,c,1.849582,km/h,44.999999,kPa,1.718975,l/h,5.229265,g/s,36.927712,%,1.176838,precision,5eb7582165b80c5d6be69f22,3.4112747685326172,2020-05-09T21:10:46Z,2020-05-09T21:19:46Z,car,1798,Caliber,58395f40e4b0a979d45bd61b,gasoline,2007,Dodge
49,5eb7582165b80c5d6be69f56,2020-05-09T21:14:53,POINT (7.647506815352215 51.95981983755073),23.0,%,18.287042,kg/h,0.6,precision,2.937778,deg,16.066247,km/h,107.000002,m,2182.067292,u/min,2.5,%,0.4,precision,30.984757,c,16.645252,km/h,74.368132,kPa,7.78172,l/h,23.67264,g/s,71.432266,%,0.8,precision,5eb7582165b80c5d6be69f22,3.4112747685326172,2020-05-09T21:10:46Z,2020-05-09T21:19:46Z,car,1798,Caliber,58395f40e4b0a979d45bd61b,gasoline,2007,Dodge
50,5eb7582165b80c5d6be69f57,2020-05-09T21:14:58,POINT (7.647546483678713 51.96018459392543),28.214485,%,17.927816,kg/h,1.0,precision,3.40995,deg,36.113803,km/h,105.000002,m,1691.839962,u/min,1.5,%,0.6,precision,30.0,c,34.0,km/h,93.728396,kPa,7.628858,l/h,23.207622,g/s,77.625927,%,1.2,precision,5eb7582165b80c5d6be69f22,3.4112747685326172,2020-05-09T21:10:46Z,2020-05-09T21:19:46Z,car,1798,Caliber,58395f40e4b0a979d45bd61b,gasoline,2007,Dodge
51,5eb7582165b80c5d6be69f58,2020-05-09T21:15:03,POINT (7.647597164440057 51.96069366950725),21.172223,%,13.425211,kg/h,0.8,precision,2.8288,deg,42.788518,km/h,106.000003,m,1512.96195,u/min,2.0,%,0.6,precision,29.999999,c,45.000001,km/h,78.486723,kPa,5.712856,l/h,17.378984,g/s,75.569197,%,1.0,precision,5eb7582165b80c5d6be69f22,3.4112747685326172,2020-05-09T21:10:46Z,2020-05-09T21:19:46Z,car,1798,Caliber,58395f40e4b0a979d45bd61b,gasoline,2007,Dodge
52,5eb7582165b80c5d6be69f59,2020-05-09T21:15:08,POINT (7.647638079575351 51.96124400326271),16.999999,%,8.445107,kg/h,0.947844,precision,359.17117,deg,47.982827,km/h,108.000003,m,1623.866856,u/min,2.126131,%,0.747844,precision,30.0,c,48.0,km/h,46.0,kPa,3.593663,l/h,10.932221,g/s,34.285083,%,1.147844,precision,5eb7582165b80c5d6be69f22,3.4112747685326172,2020-05-09T21:10:46Z,2020-05-09T21:19:46Z,car,1798,Caliber,58395f40e4b0a979d45bd61b,gasoline,2007,Dodge
53,5eb7582165b80c5d6be69f5a,2020-05-09T21:15:13,POINT (7.647583294176457 51.96188140465618),15.463415,%,5.290971,kg/h,0.8,precision,356.497708,deg,46.982533,km/h,109.0,m,1559.973507,u/min,2.0,%,0.6,precision,29.999999,c,46.118132,km/h,30.0,kPa,2.251477,l/h,6.849181,g/s,22.49748,%,1.0,precision,5eb7582165b80c5d6be69f22,3.4112747685326172,2020-05-09T21:10:46Z,2020-05-09T21:19:46Z,car,1798,Caliber,58395f40e4b0a979d45bd61b,gasoline,2007,Dodge
54,5eb7582165b80c5d6be69f5b,2020-05-09T21:15:18,POINT (7.6474762740943 51.96246781647118),14.0,%,3.910388,kg/h,0.8,precision,354.519618,deg,44.819527,km/h,108.000003,m,1476.370448,u/min,2.0,%,0.4,precision,30.000001,c,44.000001,km/h,23.427586,kPa,1.663995,l/h,5.062011,g/s,16.503598,%,1.0,precision,5eb7582165b80c5d6be69f22,3.4112747685326172,2020-05-09T21:10:46Z,2020-05-09T21:19:46Z,car,1798,Caliber,58395f40e4b0a979d45bd61b,gasoline,2007,Dodge
55,5eb7582165b80c5d6be69f5c,2020-05-09T21:15:23,POINT (7.647311817059332 51.96297868665665),15.0,%,4.259718,kg/h,0.92008,precision,345.639416,deg,34.077742,km/h,107.393973,m,953.142886,u/min,1.803015,%,0.6,precision,30.000001,c,33.848101,km/h,39.529916,kPa,1.812646,l/h,5.51422,g/s,31.12889,%,1.12008,precision,5eb7582165b80c5d6be69f22,3.4112747685326172,2020-05-09T21:10:46Z,2020-05-09T21:19:46Z,car,1798,Caliber,58395f40e4b0a979d45bd61b,gasoline,2007,Dodge
56,5eb7582165b80c5d6be69f5d,2020-05-09T21:15:28,POINT (7.647201624196815 51.96331787218038),15.0,%,4.170108,kg/h,0.8,precision,345.799988,deg,20.545177,km/h,108.432866,m,940.465346,u/min,1.5,%,0.6,precision,30.0,c,20.091413,km/h,39.219999,kPa,1.774514,l/h,5.39822,g/s,30.879432,%,1.0,precision,5eb7582165b80c5d6be69f22,3.4112747685326172,2020-05-09T21:10:46Z,2020-05-09T21:19:46Z,car,1798,Caliber,58395f40e4b0a979d45bd61b,gasoline,2007,Dodge
57,5eb7582165b80c5d6be69f5e,2020-05-09T21:15:33,POINT (7.647160281663484 51.96345847572634),15.0,%,3.969414,kg/h,0.8,precision,347.298511,deg,1.377672,km/h,108.0,m,805.0,u/min,2.0,%,0.6,precision,29.999999,c,0.0,km/h,43.614776,kPa,1.689113,l/h,5.138421,g/s,34.667609,%,1.099702,precision,5eb7582165b80c5d6be69f22,3.4112747685326172,2020-05-09T21:10:46Z,2020-05-09T21:19:46Z,car,1798,Caliber,58395f40e4b0a979d45bd61b,gasoline,2007,Dodge
58,5eb7582165b80c5d6be69f5f,2020-05-09T21:15:39,POINT (7.647155827310463 51.96346092353841),15.0,%,3.94369,kg/h,1.0,precision,0.0,deg,0.0,km/h,108.0,m,792.780845,u/min,1.728175,%,0.8,precision,30.000001,c,0.0,km/h,44.0,kPa,1.678166,l/h,5.10512,g/s,36.366014,%,1.290585,precision,5eb7582165b80c5d6be69f22,3.4112747685326172,2020-05-09T21:10:46Z,2020-05-09T21:19:46Z,car,1798,Caliber,58395f40e4b0a979d45bd61b,gasoline,2007,Dodge
59,5eb7582165b80c5d6be69f60,2020-05-09T21:15:44,POINT (7.647155178710818 51.9634611485526),15.0,%,3.949755,kg/h,1.11049,precision,0.0,deg,0.0,km/h,108.0,m,794.000024,u/min,2.0,%,0.6,precision,30.0,c,0.0,km/h,44.0,kPa,1.680747,l/h,5.112971,g/s,36.47059,%,1.31049,precision,5eb7582165b80c5d6be69f22,3.4112747685326172,2020-05-09T21:10:46Z,2020-05-09T21:19:46Z,car,1798,Caliber,58395f40e4b0a979d45bd61b,gasoline,2007,Dodge
60,5eb7582165b80c5d6be69f61,2020-05-09T21:15:49,POINT (7.647154950807835 51.96345959992077),15.0,%,3.948675,kg/h,1.2,precision,0.0,deg,0.0,km/h,107.999997,m,793.782898,u/min,1.705794,%,0.8,precision,30.000001,c,0.0,km/h,44.0,kPa,1.680287,l/h,5.111573,g/s,36.966075,%,1.4,precision,5eb7582165b80c5d6be69f22,3.4112747685326172,2020-05-09T21:10:46Z,2020-05-09T21:19:46Z,car,1798,Caliber,58395f40e4b0a979d45bd61b,gasoline,2007,Dodge
61,5eb7582165b80c5d6be69f62,2020-05-09T21:15:54,POINT (7.647155406613802 51.96346269718443),15.0,%,3.976598,kg/h,1.2,precision,0.0,deg,0.0,km/h,108.000003,m,799.396203,u/min,2.0,%,0.6,precision,30.0,c,0.0,km/h,44.0,kPa,1.692169,l/h,5.14772,g/s,37.044907,%,1.4,precision,5eb7582165b80c5d6be69f22,3.4112747685326172,2020-05-09T21:10:46Z,2020-05-09T21:19:46Z,car,1798,Caliber,58395f40e4b0a979d45bd61b,gasoline,2007,Dodge
62,5eb7582165b80c5d6be69f63,2020-05-09T21:15:59,POINT (7.647151576839489 51.96348108119777),19.60584,%,11.948846,kg/h,1.064995,precision,346.235737,deg,9.717361,km/h,106.999997,m,1532.489655,u/min,2.0,%,0.6,precision,29.999999,c,9.981308,km/h,68.965436,kPa,5.084615,l/h,15.467823,g/s,60.047918,%,1.264995,precision,5eb7582165b80c5d6be69f22,3.4112747685326172,2020-05-09T21:10:46Z,2020-05-09T21:19:46Z,car,1798,Caliber,58395f40e4b0a979d45bd61b,gasoline,2007,Dodge
63,5eb7582165b80c5d6be69f64,2020-05-09T21:16:04,POINT (7.647047448681216 51.96373791067707),14.747223,%,7.856512,kg/h,0.865806,precision,348.003766,deg,31.643072,km/h,104.0,m,2157.536554,u/min,1.665773,%,0.6,precision,28.999999,c,31.610422,km/h,32.102564,kPa,3.343197,l/h,10.170283,g/s,25.490195,%,1.065806,precision,5eb7582165b80c5d6be69f22,3.4112747685326172,2020-05-09T21:10:46Z,2020-05-09T21:19:46Z,car,1798,Caliber,58395f40e4b0a979d45bd61b,gasoline,2007,Dodge
64,5eb7582165b80c5d6be69f65,2020-05-09T21:16:09,POINT (7.646902959760333 51.96421452914447),22.920913,%,13.727577,kg/h,1.0,precision,349.524406,deg,43.714498,km/h,103.251984,m,1520.883581,u/min,1.5,%,0.6,precision,29.0,c,43.0,km/h,79.573054,kPa,5.841522,l/h,17.770397,g/s,59.379968,%,1.2,precision,5eb7582165b80c5d6be69f22,3.4112747685326172,2020-05-09T21:10:46Z,2020-05-09T21:19:46Z,car,1798,Caliber,58395f40e4b0a979d45bd61b,gasoline,2007,Dodge
65,5eb7582165b80c5d6be69f66,2020-05-09T21:16:14,POINT (7.64673637300197 51.96479724134819),16.842767,%,8.323057,kg/h,0.847334,precision,349.600006,deg,51.668711,km/h,103.0,m,1714.656757,u/min,1.5,%,0.447334,precision,27.999999,c,51.0,km/h,42.651474,kPa,3.541726,l/h,10.774227,g/s,31.125491,%,1.047334,precision,5eb7582165b80c5d6be69f22,3.4112747685326172,2020-05-09T21:10:46Z,2020-05-09T21:19:46Z,car,1798,Caliber,58395f40e4b0a979d45bd61b,gasoline,2007,Dodge
66,5eb7582165b80c5d6be69f67,2020-05-09T21:16:19,POINT (7.64656069342221 51.96542215318201),16.049708,%,7.887025,kg/h,0.8,precision,350.348642,deg,49.312223,km/h,104.837809,m,1641.375336,u/min,1.5,%,0.4,precision,29.0,c,49.000001,km/h,42.361701,kPa,3.356181,l/h,10.209781,g/s,32.549019,%,1.0,precision,5eb7582165b80c5d6be69f22,3.4112747685326172,2020-05-09T21:10:46Z,2020-05-09T21:19:46Z,car,1798,Caliber,58395f40e4b0a979d45bd61b,gasoline,2007,Dodge
67,5eb7582165b80c5d6be69f68,2020-05-09T21:16:24,POINT (7.646366960017441 51.96602823057851),15.0,%,4.722453,kg/h,0.987583,precision,346.61974,deg,46.396415,km/h,103.000001,m,1520.923958,u/min,1.5,%,0.6,precision,29.0,c,45.999999,km/h,27.373368,kPa,2.009554,l/h,6.113232,g/s,20.467531,%,1.187583,precision,5eb7582165b80c5d6be69f22,3.4112747685326172,2020-05-09T21:10:46Z,2020-05-09T21:19:46Z,car,1798,Caliber,58395f40e4b0a979d45bd61b,gasoline,2007,Dodge
68,5eb7582165b80c5d6be69f69,2020-05-09T21:16:29,POINT (7.646120948696947 51.96657880614083),15.0,%,3.602392,kg/h,1.0,precision,346.195132,deg,42.627016,km/h,102.000001,m,1146.938774,u/min,2.0,%,0.6,precision,28.999999,c,41.924932,km/h,27.689737,kPa,1.532933,l/h,4.663309,g/s,19.625717,%,1.2,precision,5eb7582165b80c5d6be69f22,3.4112747685326172,2020-05-09T21:10:46Z,2020-05-09T21:19:46Z,car,1798,Caliber,58395f40e4b0a979d45bd61b,gasoline,2007,Dodge
69,5eb7582165b80c5d6be69f6a,2020-05-09T21:16:34,POINT (7.645934774341267 51.96704374206907),15.0,%,4.24072,kg/h,1.0,precision,345.147715,deg,31.716898,km/h,100.053003,m,958.612609,u/min,1.5,%,0.6,precision,29.0,c,31.627777,km/h,39.0,kPa,1.804562,l/h,5.489628,g/s,30.588236,%,1.2,precision,5eb7582165b80c5d6be69f22,3.4112747685326172,2020-05-09T21:10:46Z,2020-05-09T21:19:46Z,car,1798,Caliber,58395f40e4b0a979d45bd61b,gasoline,2007,Dodge
70,5eb7582165b80c5d6be69f6b,2020-05-09T21:16:39,POINT (7.645839006919608 51.96734139740094),15.0,%,4.208589,kg/h,0.8,precision,346.66202,deg,17.039231,km/h,100.000002,m,951.349254,u/min,1.5,%,0.4,precision,29.0,c,16.642857,km/h,39.000001,kPa,1.790889,l/h,5.448033,g/s,30.938464,%,1.0,precision,5eb7582165b80c5d6be69f22,3.4112747685326172,2020-05-09T21:10:46Z,2020-05-09T21:19:46Z,car,1798,Caliber,58395f40e4b0a979d45bd61b,gasoline,2007,Dodge
71,5eb7582165b80c5d6be69f6c,2020-05-09T21:16:44,POINT (7.645798463465527 51.96743265173393),15.0,%,3.805772,kg/h,0.8,precision,347.625441,deg,0.158386,km/h,99.87276,m,798.843305,u/min,1.5,%,0.4,precision,29.0,c,0.0,km/h,42.0,kPa,1.619478,l/h,4.926586,g/s,34.780393,%,0.9738,precision,5eb7582165b80c5d6be69f22,3.4112747685326172,2020-05-09T21:10:46Z,2020-05-09T21:19:46Z,car,1798,Caliber,58395f40e4b0a979d45bd61b,gasoline,2007,Dodge
72,5eb7582165b80c5d6be69f6d,2020-05-09T21:16:49,POINT (7.645793514945903 51.96743278573993),15.0,%,3.871979,kg/h,0.8,precision,0.0,deg,0.0,km/h,99.000003,m,793.839312,u/min,1.5,%,0.4,precision,29.0,c,0.0,km/h,42.999999,kPa,1.64765,l/h,5.01229,g/s,35.298256,%,0.8,precision,5eb7582165b80c5d6be69f22,3.4112747685326172,2020-05-09T21:10:46Z,2020-05-09T21:19:46Z,car,1798,Caliber,58395f40e4b0a979d45bd61b,gasoline,2007,Dodge
73,5eb7582165b80c5d6be69f6e,2020-05-09T21:16:54,POINT (7.645793401014705 51.96743201136486),15.0,%,3.889005,kg/h,0.8,precision,0.0,deg,0.0,km/h,99.000001,m,797.330001,u/min,1.5,%,0.4,precision,28.999999,c,0.0,km/h,43.000001,kPa,1.654896,l/h,5.03433,g/s,35.675561,%,0.84493,precision,5eb7582165b80c5d6be69f22,3.4112747685326172,2020-05-09T21:10:46Z,2020-05-09T21:19:46Z,car,1798,Caliber,58395f40e4b0a979d45bd61b,gasoline,2007,Dodge
74,5eb7582165b80c5d6be69f6f,2020-05-09T21:16:59,POINT (7.64579305922111 51.96742968823965),15.0,%,3.9407,kg/h,0.8,precision,0.0,deg,0.0,km/h,98.999997,m,789.566643,u/min,1.5,%,0.454509,precision,29.0,c,0.0,km/h,44.0,kPa,1.676894,l/h,5.10125,g/s,36.276688,%,1.054509,precision,5eb7582165b80c5d6be69f22,3.4112747685326172,2020-05-09T21:10:46Z,2020-05-09T21:19:46Z,car,1798,Caliber,58395f40e4b0a979d45bd61b,gasoline,2007,Dodge
75,5eb7582165b80c5d6be69f70,2020-05-09T21:17:04,POINT (7.645792378097735 51.96744010621563),18.0,%,9.560889,kg/h,0.8,precision,347.642304,deg,3.919816,km/h,100.000003,m,1289.025111,u/min,1.644289,%,0.4,precision,29.0,c,3.58961,km/h,65.389048,kPa,4.068464,l/h,12.376605,g/s,58.088385,%,1.0,precision,5eb7582165b80c5d6be69f22,3.4112747685326172,2020-05-09T21:10:46Z,2020-05-09T21:19:46Z,car,1798,Caliber,58395f40e4b0a979d45bd61b,gasoline,2007,Dodge
76,5eb7582165b80c5d6be69f71,2020-05-09T21:17:09,POINT (7.645703168625426 51.96765124029664),24.057554,%,18.293442,kg/h,0.8,precision,344.527191,deg,28.176832,km/h,100.0,m,2019.551016,u/min,1.5,%,0.4,precision,28.999999,c,27.46729,km/h,79.856211,kPa,7.784443,l/h,23.680926,g/s,78.143259,%,0.864646,precision,5eb7582165b80c5d6be69f22,3.4112747685326172,2020-05-09T21:10:46Z,2020-05-09T21:19:46Z,car,1798,Caliber,58395f40e4b0a979d45bd61b,gasoline,2007,Dodge
77,5eb7582165b80c5d6be69f72,2020-05-09T21:17:14,POINT (7.645447887867038 51.96807158310506),14.894886,%,5.501353,kg/h,1.076892,precision,337.413422,deg,42.589571,km/h,100.0,m,1851.239745,u/min,1.669862,%,0.8,precision,28.000001,c,43.0,km/h,26.111702,kPa,2.341001,l/h,7.12152,g/s,18.681917,%,1.353784,precision,5eb7582165b80c5d6be69f22,3.4112747685326172,2020-05-09T21:10:46Z,2020-05-09T21:19:46Z,car,1798,Caliber,58395f40e4b0a979d45bd61b,gasoline,2007,Dodge
78,5eb7582165b80c5d6be69f73,2020-05-09T21:17:19,POINT (7.644957212657085 51.96858005618202),18.000001,%,10.976247,kg/h,0.715884,precision,321.414876,deg,49.133838,km/h,98.999997,m,1669.25,u/min,2.0,%,0.4,precision,28.0,c,49.486842,km/h,57.777779,kPa,4.670743,l/h,14.20879,g/s,46.97409,%,0.915884,precision,5eb7582165b80c5d6be69f22,3.4112747685326172,2020-05-09T21:10:46Z,2020-05-09T21:19:46Z,car,1798,Caliber,58395f40e4b0a979d45bd61b,gasoline,2007,Dodge
79,5eb7582165b80c5d6be69f74,2020-05-09T21:17:24,POINT (7.644233239653159 51.96903067290413),18.0,%,9.556014,kg/h,0.8,precision,312.519931,deg,49.980621,km/h,100.000003,m,1679.326506,u/min,2.0,%,0.4,precision,28.000001,c,50.000001,km/h,50.0,kPa,4.066389,l/h,12.370294,g/s,39.215687,%,1.0,precision,5eb7582165b80c5d6be69f22,3.4112747685326172,2020-05-09T21:10:46Z,2020-05-09T21:19:46Z,car,1798,Caliber,58395f40e4b0a979d45bd61b,gasoline,2007,Dodge
80,5eb7582165b80c5d6be69f75,2020-05-09T21:17:29,POINT (7.643490306086537 51.96945986889031),15.692737,%,5.042187,kg/h,0.695751,precision,316.778124,deg,48.299931,km/h,101.525568,m,1609.798384,u/min,1.762784,%,0.4,precision,28.0,c,48.000001,km/h,27.521738,kPa,2.145612,l/h,6.527129,g/s,19.711739,%,0.8,precision,5eb7582165b80c5d6be69f22,3.4112747685326172,2020-05-09T21:10:46Z,2020-05-09T21:19:46Z,car,1798,Caliber,58395f40e4b0a979d45bd61b,gasoline,2007,Dodge
81,5eb7582165b80c5d6be69f76,2020-05-09T21:17:34,POINT (7.642821642518987 51.96991370533638),16.0,%,7.199825,kg/h,0.8,precision,317.392623,deg,49.37267,km/h,102.0,m,1635.994451,u/min,1.5,%,0.4,precision,28.0,c,48.999999,km/h,38.669492,kPa,3.063755,l/h,9.320198,g/s,28.176696,%,1.0,precision,5eb7582165b80c5d6be69f22,3.4112747685326172,2020-05-09T21:10:46Z,2020-05-09T21:19:46Z,car,1798,Caliber,58395f40e4b0a979d45bd61b,gasoline,2007,Dodge
82,5eb7582165b80c5d6be69f77,2020-05-09T21:17:40,POINT (7.642194938977959 51.97037669502522),15.0,%,5.633646,kg/h,0.8,precision,321.076628,deg,46.676031,km/h,103.000003,m,1566.443396,u/min,1.5,%,0.512538,precision,28.0,c,46.283017,km/h,31.601172,kPa,2.397296,l/h,7.292774,g/s,25.17862,%,1.0,precision,5eb7582165b80c5d6be69f22,3.4112747685326172,2020-05-09T21:10:46Z,2020-05-09T21:19:46Z,car,1798,Caliber,58395f40e4b0a979d45bd61b,gasoline,2007,Dodge
83,5eb7582165b80c5d6be69f78,2020-05-09T21:17:45,POINT (7.641578571332391 51.97082667536142),16.0,%,6.414778,kg/h,0.8,precision,317.56856,deg,46.847312,km/h,102.421421,m,1560.753495,u/min,1.5,%,0.6,precision,27.049314,c,45.999999,km/h,36.0,kPa,2.729693,l/h,8.303953,g/s,29.019607,%,1.2,precision,5eb7582165b80c5d6be69f22,3.4112747685326172,2020-05-09T21:10:46Z,2020-05-09T21:19:46Z,car,1798,Caliber,58395f40e4b0a979d45bd61b,gasoline,2007,Dodge
84,5eb7582165b80c5d6be69f79,2020-05-09T21:17:50,POINT (7.640914752529103 51.9712418479081),16.913545,%,5.495994,kg/h,0.8,precision,310.929769,deg,44.693547,km/h,102.621597,m,1470.820376,u/min,1.0,%,0.474171,precision,28.0,c,43.999999,km/h,32.833333,kPa,2.338721,l/h,7.114584,g/s,25.066899,%,1.0,precision,5eb7582165b80c5d6be69f22,3.4112747685326172,2020-05-09T21:10:46Z,2020-05-09T21:19:46Z,car,1798,Caliber,58395f40e4b0a979d45bd61b,gasoline,2007,Dodge
85,5eb7582165b80c5d6be69f7a,2020-05-09T21:17:55,POINT (7.640140665968232 51.97157616359254),17.0,%,9.080979,kg/h,0.8,precision,298.985092,deg,46.997908,km/h,101.999997,m,1590.547175,u/min,1.5,%,0.6,precision,27.0,c,47.0,km/h,49.999999,kPa,3.864247,l/h,11.75536,g/s,41.246859,%,1.0,precision,5eb7582165b80c5d6be69f22,3.4112747685326172,2020-05-09T21:10:46Z,2020-05-09T21:19:46Z,car,1798,Caliber,58395f40e4b0a979d45bd61b,gasoline,2007,Dodge
86,5eb7582165b80c5d6be69f7b,2020-05-09T21:18:00,POINT (7.63925924380931 51.97184031559037),16.0,%,6.730177,kg/h,0.8,precision,293.731124,deg,48.095998,km/h,102.000003,m,1613.000018,u/min,1.5,%,0.4,precision,27.0,c,47.999999,km/h,36.540626,kPa,2.863905,l/h,8.712238,g/s,27.450981,%,1.0,precision,5eb7582165b80c5d6be69f22,3.4112747685326172,2020-05-09T21:10:46Z,2020-05-09T21:19:46Z,car,1798,Caliber,58395f40e4b0a979d45bd61b,gasoline,2007,Dodge
87,5eb7582165b80c5d6be69f7c,2020-05-09T21:18:05,POINT (7.638377129846859 51.97207857502276),15.0,%,3.992935,kg/h,0.858835,precision,293.809607,deg,46.861618,km/h,101.0,m,931.780487,u/min,1.5,%,0.458835,precision,27.0,c,46.000001,km/h,37.528611,kPa,1.699121,l/h,5.168869,g/s,28.949891,%,1.058835,precision,5eb7582165b80c5d6be69f22,3.4112747685326172,2020-05-09T21:10:46Z,2020-05-09T21:19:46Z,car,1798,Caliber,58395f40e4b0a979d45bd61b,gasoline,2007,Dodge
88,5eb7582165b80c5d6be69f7d,2020-05-09T21:18:10,POINT (7.637553000655064 51.97229106594575),15.0,%,4.13828,kg/h,0.747567,precision,292.13928,deg,39.913711,km/h,100.0,m,953.718418,u/min,1.5,%,0.4,precision,27.0,c,39.000001,km/h,37.999999,kPa,1.76097,l/h,5.357019,g/s,30.607843,%,0.947567,precision,5eb7582165b80c5d6be69f22,3.4112747685326172,2020-05-09T21:10:46Z,2020-05-09T21:19:46Z,car,1798,Caliber,58395f40e4b0a979d45bd61b,gasoline,2007,Dodge
89,5eb7582165b80c5d6be69f7e,2020-05-09T21:18:15,POINT (7.636962606262781 51.97243741865049),15.0,%,4.125512,kg/h,0.8,precision,292.784105,deg,20.720894,km/h,100.231767,m,950.77589,u/min,1.5,%,0.4,precision,26.999999,c,20.495799,km/h,38.0,kPa,1.755537,l/h,5.340491,g/s,30.962277,%,1.0,precision,5eb7582165b80c5d6be69f22,3.4112747685326172,2020-05-09T21:10:46Z,2020-05-09T21:19:46Z,car,1798,Caliber,58395f40e4b0a979d45bd61b,gasoline,2007,Dodge
90,5eb7582165b80c5d6be69f7f,2020-05-09T21:18:20,POINT (7.636775245215993 51.97249662994847),17.272487,%,6.807966,kg/h,0.8,precision,293.177835,deg,5.246647,km/h,100.000001,m,887.088715,u/min,1.5,%,0.567164,precision,26.999999,c,5.6125,km/h,67.210047,kPa,2.897007,l/h,8.812937,g/s,60.399933,%,1.0,precision,5eb7582165b80c5d6be69f22,3.4112747685326172,2020-05-09T21:10:46Z,2020-05-09T21:19:46Z,car,1798,Caliber,58395f40e4b0a979d45bd61b,gasoline,2007,Dodge
91,5eb7582165b80c5d6be69f80,2020-05-09T21:18:25,POINT (7.636440805842702 51.97258193781566),31.545455,%,22.327507,kg/h,0.9754,precision,289.181632,deg,28.193961,km/h,99.870258,m,2059.465518,u/min,1.5,%,0.6,precision,26.999999,c,28.344261,km/h,94.944444,kPa,9.501067,l/h,28.903037,g/s,95.22514,%,1.1754,precision,5eb7582165b80c5d6be69f22,3.4112747685326172,2020-05-09T21:10:46Z,2020-05-09T21:19:46Z,car,1798,Caliber,58395f40e4b0a979d45bd61b,gasoline,2007,Dodge
92,5eb7582165b80c5d6be69f81,2020-05-09T21:18:30,POINT (7.63572650618536 51.97268679520177),21.0,%,15.01444,kg/h,0.771589,precision,281.490239,deg,42.275412,km/h,98.146343,m,1956.0,u/min,1.5,%,0.4,precision,26.000001,c,42.299449,km/h,66.999998,kPa,6.389123,l/h,19.436245,g/s,58.823527,%,0.971589,precision,5eb7582165b80c5d6be69f22,3.4112747685326172,2020-05-09T21:10:46Z,2020-05-09T21:19:46Z,car,1798,Caliber,58395f40e4b0a979d45bd61b,gasoline,2007,Dodge
93,5eb7582165b80c5d6be69f82,2020-05-09T21:18:35,POINT (7.634802316532173 51.97280416492874),19.070755,%,12.109221,kg/h,0.8,precision,283.2966,deg,49.278965,km/h,98.000003,m,1640.396509,u/min,1.5,%,0.6,precision,26.0,c,49.000001,km/h,64.432041,kPa,5.15286,l/h,15.67543,g/s,56.378436,%,1.0,precision,5eb7582165b80c5d6be69f22,3.4112747685326172,2020-05-09T21:10:46Z,2020-05-09T21:19:46Z,car,1798,Caliber,58395f40e4b0a979d45bd61b,gasoline,2007,Dodge
94,5eb7582165b80c5d6be69f83,2020-05-09T21:18:40,POINT (7.633809701249263 51.97295867328444),14.0,%,4.507409,kg/h,0.8,precision,285.400002,deg,48.572176,km/h,97.000003,m,1634.389636,u/min,1.5,%,0.400798,precision,26.0,c,48.000001,km/h,24.071652,kPa,1.918046,l/h,5.834857,g/s,16.012312,%,0.800798,precision,5eb7582165b80c5d6be69f22,3.4112747685326172,2020-05-09T21:10:46Z,2020-05-09T21:19:46Z,car,1798,Caliber,58395f40e4b0a979d45bd61b,gasoline,2007,Dodge
95,5eb7582165b80c5d6be69f84,2020-05-09T21:18:45,POINT (7.632890663334226 51.97312463731915),16.0,%,5.83351,kg/h,0.8,precision,285.590658,deg,47.084634,km/h,96.999997,m,1581.084833,u/min,1.5,%,0.4,precision,27.0,c,45.999999,km/h,32.311614,kPa,2.482345,l/h,7.5515,g/s,24.794329,%,1.0,precision,5eb7582165b80c5d6be69f22,3.4112747685326172,2020-05-09T21:10:46Z,2020-05-09T21:19:46Z,car,1798,Caliber,58395f40e4b0a979d45bd61b,gasoline,2007,Dodge
96,5eb7582165b80c5d6be69f85,2020-05-09T21:18:50,POINT (7.631962728539449 51.97330131740664),19.0,%,12.362494,kg/h,1.0,precision,288.300387,deg,48.571824,km/h,97.999999,m,1634.920503,u/min,1.5,%,0.6,precision,26.0,c,48.254545,km/h,66.000002,kPa,5.260636,l/h,16.003292,g/s,56.801715,%,1.2,precision,5eb7582165b80c5d6be69f22,3.4112747685326172,2020-05-09T21:10:46Z,2020-05-09T21:19:46Z,car,1798,Caliber,58395f40e4b0a979d45bd61b,gasoline,2007,Dodge
97,5eb7582165b80c5d6be69f86,2020-05-09T21:18:55,POINT (7.631017683612542 51.9735227052033),17.000001,%,9.430378,kg/h,0.818971,precision,290.930365,deg,51.620867,km/h,99.0,m,1727.322285,u/min,2.0,%,0.6,precision,26.000001,c,51.000001,km/h,47.652997,kPa,4.012927,l/h,12.207657,g/s,36.440948,%,1.018971,precision,5eb7582165b80c5d6be69f22,3.4112747685326172,2020-05-09T21:10:46Z,2020-05-09T21:19:46Z,car,1798,Caliber,58395f40e4b0a979d45bd61b,gasoline,2007,Dodge
98,5eb7582165b80c5d6be69f87,2020-05-09T21:19:00,POINT (7.630126978053372 51.97373192141858),15.0,%,4.19243,kg/h,1.0,precision,290.109571,deg,35.753239,km/h,98.999997,m,949.632404,u/min,1.921236,%,0.6,precision,26.0,c,34.4375,km/h,38.53406,kPa,1.784013,l/h,5.427115,g/s,30.032045,%,1.2,precision,5eb7582165b80c5d6be69f22,3.4112747685326172,2020-05-09T21:10:46Z,2020-05-09T21:19:46Z,car,1798,Caliber,58395f40e4b0a979d45bd61b,gasoline,2007,Dodge
99,5eb7582165b80c5d6be69f88,2020-05-09T21:19:05,POINT (7.629774725992743 51.97381829667544),14.865672,%,3.954836,kg/h,0.845233,precision,289.867764,deg,8.414631,km/h,99.999997,m,841.936047,u/min,2.0,%,0.6,precision,25.999999,c,8.090909,km/h,41.000001,kPa,1.682909,l/h,5.119549,g/s,32.156864,%,1.045233,precision,5eb7582165b80c5d6be69f22,3.4112747685326172,2020-05-09T21:10:46Z,2020-05-09T21:19:46Z,car,1798,Caliber,58395f40e4b0a979d45bd61b,gasoline,2007,Dodge
100,5eb7582165b80c5d6be69f89,2020-05-09T21:19:10,POINT (7.629792536541109 51.97381011715454),15.0,%,3.920127,kg/h,1.0,precision,84.811659,deg,3.432627,km/h,99.000003,m,874.804877,u/min,2.0,%,0.6,precision,26.000001,c,3.0,km/h,39.113208,kPa,1.668139,l/h,5.074618,g/s,30.833174,%,1.2,precision,5eb7582165b80c5d6be69f22,3.4112747685326172,2020-05-09T21:10:46Z,2020-05-09T21:19:46Z,car,1798,Caliber,58395f40e4b0a979d45bd61b,gasoline,2007,Dodge
101,5eb7582165b80c5d6be69f8a,2020-05-09T21:19:15,POINT (7.629810757935047 51.97380424942821),15.0,%,3.978959,kg/h,1.0,precision,0.0,deg,0.0,km/h,99.0,m,807.673031,u/min,1.698216,%,0.6,precision,25.999999,c,2.0,km/h,42.999999,kPa,1.693174,l/h,5.150777,g/s,34.143241,%,1.2,precision,5eb7582165b80c5d6be69f22,3.4112747685326172,2020-05-09T21:10:46Z,2020-05-09T21:19:46Z,car,1798,Caliber,58395f40e4b0a979d45bd61b,gasoline,2007,Dodge
102,5eb7582165b80c5d6be69f8b,2020-05-09T21:19:20,POINT (7.629810530548967 51.97380270048814),15.0,%,3.905311,kg/h,0.88483,precision,0.0,deg,0.0,km/h,98.999997,m,743.557917,u/min,1.71,%,0.6,precision,26.000001,c,0.0,km/h,45.843243,kPa,1.661834,l/h,5.055439,g/s,37.063279,%,1.08483,precision,5eb7582165b80c5d6be69f22,3.4112747685326172,2020-05-09T21:10:46Z,2020-05-09T21:19:46Z,car,1798,Caliber,58395f40e4b0a979d45bd61b,gasoline,2007,Dodge
103,5eb7582165b80c5d6be69f8c,2020-05-09T21:19:25,POINT (7.629810985321127 51.97380579836828),18.0,%,9.711037,kg/h,0.8,precision,0.0,deg,0.0,km/h,99.000003,m,1389.886243,u/min,1.5,%,0.6,precision,26.0,c,0.0,km/h,60.984694,kPa,4.132356,l/h,12.570971,g/s,52.026142,%,1.0,precision,5eb7582165b80c5d6be69f22,3.4112747685326172,2020-05-09T21:10:46Z,2020-05-09T21:19:46Z,car,1798,Caliber,58395f40e4b0a979d45bd61b,gasoline,2007,Dodge
104,5eb7582165b80c5d6be69f8d,2020-05-09T21:19:30,POINT (7.629810757935047 51.97380424942821),15.0,%,4.29864,kg/h,0.8,precision,0.0,deg,0.0,km/h,99.0,m,829.498592,u/min,2.0,%,0.6,precision,25.999999,c,0.0,km/h,45.232434,kPa,1.829209,l/h,5.564605,g/s,38.285945,%,1.0,precision,5eb7582165b80c5d6be69f22,3.4112747685326172,2020-05-09T21:10:46Z,2020-05-09T21:19:46Z,car,1798,Caliber,58395f40e4b0a979d45bd61b,gasoline,2007,Dodge
105,5eb7582165b80c5d6be69f8e,2020-05-09T21:19:35,POINT (7.629810757935047 51.97380424942821),15.0,%,4.481128,kg/h,0.893056,precision,0.0,deg,0.0,km/h,99.0,m,731.873926,u/min,1.762922,%,0.493056,precision,26.0,c,0.0,km/h,53.442358,kPa,1.906863,l/h,5.800836,g/s,44.374058,%,1.093056,precision,5eb7582165b80c5d6be69f22,3.4112747685326172,2020-05-09T21:10:46Z,2020-05-09T21:19:46Z,car,1798,Caliber,58395f40e4b0a979d45bd61b,gasoline,2007,Dodge
106,5eb7582165b80c5d6be69f8f,2020-05-09T21:19:40,POINT (7.629819861245102 51.97380808862147),15.0,%,5.077956,kg/h,1.0,precision,0.0,deg,0.0,km/h,99.0,m,984.942638,u/min,1.767787,%,0.6,precision,26.0,c,0.0,km/h,45.0,kPa,2.160832,l/h,6.573432,g/s,39.512205,%,1.2,precision,5eb7582165b80c5d6be69f22,3.4112747685326172,2020-05-09T21:10:46Z,2020-05-09T21:19:46Z,car,1798,Caliber,58395f40e4b0a979d45bd61b,gasoline,2007,Dodge
107,5eb7582165b80c5d6be69f90,2020-05-09T21:19:46,POINT (7.629820371602108 51.97380924082935),,,,,0.8,precision,0.0,deg,0.0,km/h,99.000002,m,,,1.970367,%,0.6,precision,,,,,,,,,,,,,1.0,precision,5eb7582165b80c5d6be69f22,3.4112747685326172,2020-05-09T21:10:46Z,2020-05-09T21:19:46Z,car,1798,Caliber,58395f40e4b0a979d45bd61b,gasoline,2007,Dodge
